old_path	new_path
MurmurApp.xcodeproj/project.pbxproj	apps/ios/MurmurApp.xcodeproj/project.pbxproj
MurmurApp.xcodeproj/xcshareddata/xcschemes/Murmur.xcscheme	apps/ios/MurmurApp.xcodeproj/xcshareddata/xcschemes/Murmur.xcscheme
MurmurApp/Assets.xcassets/AppIcon.appiconset/Contents.json	apps/ios/MurmurApp/Assets.xcassets/AppIcon.appiconset/Contents.json
MurmurApp/Assets.xcassets/AppIcon.appiconset/MurmurIcon-1024.png	apps/ios/MurmurApp/Assets.xcassets/AppIcon.appiconset/MurmurIcon-1024.png
MurmurApp/Assets.xcassets/Contents.json	apps/ios/MurmurApp/Assets.xcassets/Contents.json
MurmurApp/Assets.xcassets/MurmurMark.imageset/Contents.json	apps/ios/MurmurApp/Assets.xcassets/MurmurMark.imageset/Contents.json
MurmurApp/Assets.xcassets/MurmurMark.imageset/murmur-avatar-512.png	apps/ios/MurmurApp/Assets.xcassets/MurmurMark.imageset/murmur-avatar-512.png
MurmurApp/Config/Debug.local.xcconfig.example	apps/ios/MurmurApp/Config/Debug.local.xcconfig.example
MurmurApp/Config/Debug.xcconfig	apps/ios/MurmurApp/Config/Debug.xcconfig
MurmurApp/Config/Info.plist	apps/ios/MurmurApp/Config/Info.plist
MurmurApp/Config/MurmurDebug.entitlements	apps/ios/MurmurApp/Config/MurmurDebug.entitlements
MurmurApp/Config/MurmurRelease.entitlements	apps/ios/MurmurApp/Config/MurmurRelease.entitlements
MurmurApp/Config/Release.local.xcconfig.example	apps/ios/MurmurApp/Config/Release.local.xcconfig.example
MurmurApp/Config/Release.xcconfig	apps/ios/MurmurApp/Config/Release.xcconfig
MurmurApp/MurmurAPI.swift	apps/ios/MurmurApp/MurmurAPI.swift
MurmurApp/MurmurApp.swift	apps/ios/MurmurApp/MurmurApp.swift
MurmurApp/MurmurArchive.swift	apps/ios/MurmurApp/MurmurArchive.swift
MurmurApp/MurmurArchiveViews.swift	apps/ios/MurmurApp/MurmurArchiveViews.swift
MurmurApp/MurmurChatView.swift	apps/ios/MurmurApp/MurmurChatView.swift
MurmurApp/MurmurDiagnostics.swift	apps/ios/MurmurApp/MurmurDiagnostics.swift
MurmurApp/MurmurEnvironment.swift	apps/ios/MurmurApp/MurmurEnvironment.swift
MurmurApp/MurmurKeyboardInset.swift	apps/ios/MurmurApp/MurmurKeyboardInset.swift
MurmurApp/MurmurModels.swift	apps/ios/MurmurApp/MurmurModels.swift
MurmurApp/MurmurOnThisDay.swift	apps/ios/MurmurApp/MurmurOnThisDay.swift
MurmurApp/MurmurPhotoRoom.swift	apps/ios/MurmurApp/MurmurPhotoRoom.swift
MurmurApp/MurmurPhotoView.swift	apps/ios/MurmurApp/MurmurPhotoView.swift
MurmurApp/MurmurSecurity.swift	apps/ios/MurmurApp/MurmurSecurity.swift
MurmurApp/MurmurSessionModel.swift	apps/ios/MurmurApp/MurmurSessionModel.swift
MurmurApp/MurmurShell.swift	apps/ios/MurmurApp/MurmurShell.swift
MurmurApp/MurmurTranscript.swift	apps/ios/MurmurApp/MurmurTranscript.swift
MurmurApp/MurmurTranscriptView.swift	apps/ios/MurmurApp/MurmurTranscriptView.swift
MurmurApp/OnThisDay.metal	apps/ios/MurmurApp/OnThisDay.metal
MurmurApp/OnThisDayTabView.swift	apps/ios/MurmurApp/OnThisDayTabView.swift
MurmurApp/PhotoLoader.swift	apps/ios/MurmurApp/PhotoLoader.swift
MurmurApp/PrivacyInfo.xcprivacy	apps/ios/MurmurApp/PrivacyInfo.xcprivacy
MurmurApp/README.md	apps/ios/MurmurApp/README.md
MurmurApp/Tests/MurmurSecurityContractTests.swift	apps/ios/MurmurApp/Tests/MurmurSecurityContractTests.swift
MurmurApp/Tests/MurmurSessionModelTests.swift	apps/ios/MurmurApp/Tests/MurmurSessionModelTests.swift
MurmurApp/Tests/OnThisDayTests.swift	apps/ios/MurmurApp/Tests/OnThisDayTests.swift
MurmurApp/Tests/PhotoLoaderTests.swift	apps/ios/MurmurApp/Tests/PhotoLoaderTests.swift
MurmurApp/Tests/PhotoRoomModelTests.swift	apps/ios/MurmurApp/Tests/PhotoRoomModelTests.swift
MurmurApp/UITests/MurmurUITests.swift	apps/ios/MurmurApp/UITests/MurmurUITests.swift
android/.gitignore	apps/android/.gitignore
android/README.md	apps/android/README.md
android/app/build.gradle.kts	apps/android/app/build.gradle.kts
android/app/proguard-rules.pro	apps/android/app/proguard-rules.pro
android/app/src/debug/AndroidManifest.xml	apps/android/app/src/debug/AndroidManifest.xml
android/app/src/main/AndroidManifest.xml	apps/android/app/src/main/AndroidManifest.xml
android/app/src/main/java/com/sakura/murmur/MainActivity.kt	apps/android/app/src/main/java/com/sakura/murmur/MainActivity.kt
android/app/src/main/java/com/sakura/murmur/MurmurApiClient.kt	apps/android/app/src/main/java/com/sakura/murmur/MurmurApiClient.kt
android/app/src/main/java/com/sakura/murmur/MurmurApp.kt	apps/android/app/src/main/java/com/sakura/murmur/MurmurApp.kt
android/app/src/main/java/com/sakura/murmur/MurmurAuthenticator.kt	apps/android/app/src/main/java/com/sakura/murmur/MurmurAuthenticator.kt
android/app/src/main/java/com/sakura/murmur/MurmurEnvironment.kt	apps/android/app/src/main/java/com/sakura/murmur/MurmurEnvironment.kt
android/app/src/main/java/com/sakura/murmur/MurmurModels.kt	apps/android/app/src/main/java/com/sakura/murmur/MurmurModels.kt
android/app/src/main/java/com/sakura/murmur/MurmurSessionModel.kt	apps/android/app/src/main/java/com/sakura/murmur/MurmurSessionModel.kt
android/app/src/main/java/com/sakura/murmur/ui/MurmurChatScreen.kt	apps/android/app/src/main/java/com/sakura/murmur/ui/MurmurChatScreen.kt
android/app/src/main/java/com/sakura/murmur/ui/MurmurTheme.kt	apps/android/app/src/main/java/com/sakura/murmur/ui/MurmurTheme.kt
android/app/src/main/res/mipmap-xxhdpi/ic_launcher.png	apps/android/app/src/main/res/mipmap-xxhdpi/ic_launcher.png
android/app/src/main/res/values/strings.xml	apps/android/app/src/main/res/values/strings.xml
android/app/src/main/res/values/styles.xml	apps/android/app/src/main/res/values/styles.xml
android/build.gradle.kts	apps/android/build.gradle.kts
android/gradle.properties	apps/android/gradle.properties
android/gradle/libs.versions.toml	apps/android/gradle/libs.versions.toml
android/gradle/wrapper/gradle-wrapper.jar	apps/android/gradle/wrapper/gradle-wrapper.jar
android/gradle/wrapper/gradle-wrapper.properties	apps/android/gradle/wrapper/gradle-wrapper.properties
android/gradlew	apps/android/gradlew
android/gradlew.bat	apps/android/gradlew.bat
android/settings.gradle.kts	apps/android/settings.gradle.kts
brand/murmur-avatar-512.png	assets/brand/murmur-avatar-512.png
brand/murmur-lockup.png	assets/brand/murmur-lockup.png
brand/murmur-mark-typing.svg	assets/brand/murmur-mark-typing.svg
brand/murmur-mark.svg	assets/brand/murmur-mark.svg
brand/murmur-options.png	assets/brand/murmur-options.png
deploy/Caddyfile.example	infra/deploy/Caddyfile.example
deploy/README.md	infra/deploy/README.md
deploy/murmur-app-api.service	infra/deploy/murmur-app-api.service
deploy/murmur-app-worker.service	infra/deploy/murmur-app-worker.service
deploy/murmur-dingtalk.service	infra/deploy/murmur-dingtalk.service
deploy/murmur-logrotate	infra/deploy/murmur-logrotate
deploy/murmur-qq.service	infra/deploy/murmur-qq.service
deploy/murmur-telegram.service	infra/deploy/murmur-telegram.service
deploy/murmur-update	infra/deploy/murmur-update
deploy/murmur-update.service	infra/deploy/murmur-update.service
deploy/murmur-web.service	infra/deploy/murmur-web.service
deploy/murmur-wechat.service	infra/deploy/murmur-wechat.service
deploy/test-bots.env.example	infra/deploy/test-bots.env.example
murmur/__init__.py	server/murmur/__init__.py
murmur/__main__.py	server/murmur/__main__.py
murmur/affect.py	server/murmur/affect.py
murmur/app_api.py	server/murmur/app_api.py
murmur/app_attest_android.py	server/murmur/app_attest_android.py
murmur/app_auth.py	server/murmur/app_auth.py
murmur/app_lock.py	server/murmur/app_lock.py
murmur/app_push.py	server/murmur/app_push.py
murmur/app_push_fcm.py	server/murmur/app_push_fcm.py
murmur/app_settings.py	server/murmur/app_settings.py
murmur/app_store.py	server/murmur/app_store.py
murmur/app_worker.py	server/murmur/app_worker.py
murmur/balance.py	server/murmur/balance.py
murmur/bot.py	server/murmur/bot.py
murmur/cli.py	server/murmur/cli.py
murmur/config.py	server/murmur/config.py
murmur/continuity.py	server/murmur/continuity.py
murmur/counters.py	server/murmur/counters.py
murmur/debounce.py	server/murmur/debounce.py
murmur/dingtalk.py	server/murmur/dingtalk.py
murmur/dossier.py	server/murmur/dossier.py
murmur/engine.py	server/murmur/engine.py
murmur/greeting.py	server/murmur/greeting.py
murmur/initiative.py	server/murmur/initiative.py
murmur/memory.py	server/murmur/memory.py
murmur/moment.py	server/murmur/moment.py
murmur/open_loops.py	server/murmur/open_loops.py
murmur/persona.py	server/murmur/persona.py
murmur/photo.py	server/murmur/photo.py
murmur/proactive_materials.py	server/murmur/proactive_materials.py
murmur/qq.py	server/murmur/qq.py
murmur/vps_panel.py	server/murmur/vps_panel.py
murmur/watchdog.py	server/murmur/watchdog.py
murmur/web.py	server/murmur/web.py
murmur/webui/index.html	server/murmur/webui/index.html
murmur/webui/mark.svg	server/murmur/webui/mark.svg
murmur/webui/vps.html	server/murmur/webui/vps.html
murmur/wechat.py	server/murmur/wechat.py
pyproject.toml	server/pyproject.toml
run.sh	scripts/ops/run-test-bots.sh
scripts/dev-app.sh	scripts/dev/dev-app.sh
scripts/evaluate_reply_quality.py	scripts/check/evaluate_reply_quality.py
scripts/link-vps-to-github.sh	scripts/ops/link-vps-to-github.sh
scripts/migrate-to-vps.sh	scripts/ops/migrate-to-vps.sh
scripts/run_tests.py	scripts/check/run_tests.py
scripts/sanitize_production_env.py	scripts/ops/sanitize_production_env.py
scripts/setup-murmur.sh	scripts/dev/setup-murmur.sh
scripts/start-vps-panel.bat	scripts/ops/start-vps-panel.bat
tests/_helpers.py	server/tests/_helpers.py
tests/fixtures/reply_quality_cases.json	server/tests/fixtures/reply_quality_cases.json
tests/make_fixture.py	server/tests/make_fixture.py
tests/test_affect.py	server/tests/test_affect.py
tests/test_app_api.py	server/tests/test_app_api.py
tests/test_app_attest.py	server/tests/test_app_attest.py
tests/test_app_attest_android.py	server/tests/test_app_attest_android.py
tests/test_app_auth.py	server/tests/test_app_auth.py
tests/test_app_push.py	server/tests/test_app_push.py
tests/test_app_push_fcm.py	server/tests/test_app_push_fcm.py
tests/test_app_store.py	server/tests/test_app_store.py
tests/test_app_worker.py	server/tests/test_app_worker.py
tests/test_balance.py	server/tests/test_balance.py
tests/test_bot_entry_guards.py	server/tests/test_bot_entry_guards.py
tests/test_channel_gate.py	server/tests/test_channel_gate.py
tests/test_ci_scope.py	server/tests/test_ci_scope.py
tests/test_continuity.py	server/tests/test_continuity.py
tests/test_continuity_state.py	server/tests/test_continuity_state.py
tests/test_counters.py	server/tests/test_counters.py
tests/test_dingtalk.py	server/tests/test_dingtalk.py
tests/test_dossier.py	server/tests/test_dossier.py
tests/test_engine_fallback.py	server/tests/test_engine_fallback.py
tests/test_env_sanitizer.py	server/tests/test_env_sanitizer.py
tests/test_fallback_gateway.py	server/tests/test_fallback_gateway.py
tests/test_late.py	server/tests/test_late.py
tests/test_open_loops.py	server/tests/test_open_loops.py
tests/test_photo.py	server/tests/test_photo.py
tests/test_photo_reading.py	server/tests/test_photo_reading.py
tests/test_proactive_materials.py	server/tests/test_proactive_materials.py
tests/test_qq.py	server/tests/test_qq.py
tests/test_reply_quality_config.py	server/tests/test_reply_quality_config.py
tests/test_reply_quality_evaluator.py	server/tests/test_reply_quality_evaluator.py
tests/test_repository_checks.py	server/tests/test_repository_checks.py
tests/test_roster.py	server/tests/test_roster.py
tests/test_updater.py	server/tests/test_updater.py
tests/test_vps_panel.py	server/tests/test_vps_panel.py
tests/test_watchdog.py	server/tests/test_watchdog.py
tests/test_web.py	server/tests/test_web.py
tests/test_wechat.py	server/tests/test_wechat.py
tests/test_wechat_flow.py	server/tests/test_wechat_flow.py
